{
    "timestamp": "2018-09-23 20:04:10.419443",
    "flightCode": "SQ856",
    "payload": {
        "plate": 0.17139632999897003,
        "bakery": 0.05711977183818817,
        "meat_loaf": 0.05537700653076172,
        "burrito": 0.07341272383928299,
        "hotdog": 0.14698593318462372
    }
}