{
    "timestamp": "2018-09-23 20:04:09.088385",
    "flightCode": "SQ856",
    "payload": {
        "plate": 0.08608930557966232,
        "carbonara": 0.11679662019014359,
        "meat_loaf": 0.061113033443689346,
        "Crock_Pot": 0.05177384242415428,
        "packet": 0.37364402413368225
    }
}