{
    "timestamp": "2018-09-23 20:04:10.036525",
    "flightCode": "SQ856",
    "payload": {
        "plate": 0.06256342679262161,
        "burrito": 0.1401202529668808,
        "tray": 0.2297370582818985,
        "cauliflower": 0.07251686602830887,
        "Dungeness_crab": 0.12371349334716797
    }
}