{
    "timestamp": "2018-09-23 20:04:09.386661",
    "flightCode": "SQ856",
    "payload": {
        "sombrero": 0.3575955331325531,
        "tray": 0.03385431692004204,
        "chocolate_sauce": 0.04625324904918671,
        "plate": 0.15318132936954498,
        "cowboy_hat": 0.2714671790599823
    }
}