{
    "timestamp": "2018-09-23 20:04:12.057219",
    "flightCode": "SQ856",
    "payload": {
        "plate": 0.03772749379277229,
        "meat_loaf": 0.14976386725902557,
        "mashed_potato": 0.3323195278644562,
        "broccoli": 0.04159938916563988,
        "cauliflower": 0.16982124745845795
    }
}