{
    "timestamp": "2018-09-23 20:04:11.443067",
    "flightCode": "SQ856",
    "payload": {
        "orange": 0.12407908588647842,
        "bakery": 0.14560939371585846,
        "confectionery": 0.1606600433588028,
        "packet": 0.27040308713912964,
        "pineapple": 0.04433823376893997
    }
}