{
    "timestamp": "2018-09-23 20:04:11.733726",
    "flightCode": "SQ856",
    "payload": {
        "bagel": 0.04368143156170845,
        "mosque": 0.04475194588303566,
        "cheeseburger": 0.435235857963562,
        "mushroom": 0.06335818022489548,
        "plate": 0.03503619506955147
    }
}