{
    "timestamp": "2018-09-23 20:04:09.689031",
    "flightCode": "SQ856",
    "payload": {
        "crayfish": 0.04294127970933914,
        "Granny_Smith": 0.07812298089265823,
        "spaghetti_squash": 0.07049226760864258,
        "packet": 0.06552848219871521,
        "plate": 0.06775600463151932
    }
}