{
    "timestamp": "2018-09-23 20:04:10.744069",
    "flightCode": "SQ856",
    "payload": {
        "cucumber": 0.08797777444124222,
        "meat_loaf": 0.37328505516052246,
        "tray": 0.09586094319820404,
        "broccoli": 0.11515398323535919,
        "mashed_potato": 0.0896754264831543
    }
}