{
    "timestamp": "2018-09-23 20:04:11.049123",
    "flightCode": "SQ856",
    "payload": {
        "orange": 0.05657930299639702,
        "bakery": 0.17503105103969574,
        "ice_cream": 0.11958583444356918,
        "tray": 0.14474564790725708,
        "banana": 0.12278677523136139
    }
}